user_id,Sum of num_games,Sum of num_wins,win_user_per
763,4450,3818,0.86
1035,303,257,0.85
1021,308,258,0.84
766,171,142,0.83
936,544,449,0.83
880,213,171,0.8
452,2625,2078,0.79
2780,513,406,0.79
767,172,135,0.78
520,240,187,0.78
1131,666,509,0.76
2016,1961,1498,0.76
1717,659,501,0.76
1983,237,179,0.76
1323,359,271,0.75
115,356,268,0.75
1734,24,18,0.75
2328,1948,1444,0.74
1625,332,246,0.74
1900,1058,783,0.74
328,221,163,0.74
1926,527,388,0.74
267,701,516,0.74
223,2314,1702,0.74
2911,430,316,0.73
615,2206,1614,0.73
1510,223,163,0.73
1895,931,680,0.73
717,370,269,0.73
2877,1075,780,0.73
1807,816,591,0.72
560,123,89,0.72
859,376,272,0.72
1877,704,508,0.72
723,487,351,0.72
703,2037,1466,0.72
1915,824,591,0.72
368,342,245,0.72
2399,1138,815,0.72
2781,697,499,0.72
2327,1837,1314,0.72
2715,1559,1115,0.72
1708,45,32,0.71
2429,2713,1928,0.71
1831,636,451,0.71
455,2387,1691,0.71
981,267,188,0.7
1730,500,352,0.7
2782,1786,1254,0.7
1324,762,535,0.7
1252,1450,1018,0.7
2892,845,593,0.7
286,3118,2188,0.7
23,1788,1254,0.7
2783,1881,1319,0.7
1817,354,248,0.7
656,217,152,0.7
1766,480,336,0.7
2428,1565,1095,0.7
2673,2214,1544,0.7
2501,891,617,0.69
198,1086,752,0.69
2886,1785,1236,0.69
2030,315,218,0.69
2036,1473,1019,0.69
895,308,213,0.69
2061,1405,971,0.69
486,71,49,0.69
2974,1106,763,0.69
2001,1146,790,0.69
1779,296,204,0.69
233,302,208,0.69
1357,356,245,0.69
2596,1492,1026,0.69
385,544,374,0.69
1865,214,147,0.69
1511,386,265,0.69
1190,216,148,0.69
121,473,324,0.68
1709,600,410,0.68
1315,593,405,0.68
1707,167,114,0.68
1976,1931,1318,0.68
754,2236,1525,0.68
2947,596,406,0.68
2589,1224,833,0.68
1845,1801,1225,0.68
302,237,161,0.68
221,1402,951,0.68
1490,351,238,0.68
2435,266,180,0.68
25,844,571,0.68
1594,476,322,0.68
2031,782,529,0.68
904,552,373,0.68
2502,530,358,0.68
1068,576,389,0.68
2398,862,582,0.68
2045,258,174,0.67
2516,985,663,0.67
878,2783,1872,0.67
2375,1927,1296,0.67
2855,565,379,0.67
739,1220,818,0.67
1921,182,122,0.67
814,1601,1073,0.67
937,291,195,0.67
2967,2152,1442,0.67
410,357,239,0.67
2627,1030,689,0.67
498,943,630,0.67
926,726,485,0.67
584,4661,3113,0.67
1872,277,185,0.67
525,1481,988,0.67
1656,174,116,0.67
1990,738,492,0.67
2402,483,322,0.67
2745,449,299,0.67
178,8704,5796,0.67
2716,1906,1269,0.67
2140,1711,1139,0.67
1982,1903,1266,0.67
2461,2234,1484,0.66
2054,634,421,0.66
1777,1658,1099,0.66
195,347,230,0.66
2876,943,625,0.66
2734,507,336,0.66
2104,812,538,0.66
2962,912,604,0.66
1596,290,192,0.66
1856,4743,3136,0.66
1819,540,357,0.66
1869,1926,1272,0.66
2041,338,223,0.66
125,505,333,0.66
2915,1115,735,0.66
539,366,241,0.66
1943,1501,988,0.66
2288,1012,666,0.66
1224,701,461,0.66
2457,1483,975,0.66
2569,455,299,0.66
1022,379,249,0.66
1757,1539,1011,0.66
2912,1635,1074,0.66
995,740,486,0.66
1111,233,153,0.66
2958,576,378,0.66
1774,2077,1363,0.66
2202,1695,1112,0.66
1654,465,305,0.66
1744,1272,834,0.66
2505,882,578,0.66
2390,293,192,0.66
2335,426,279,0.65
234,585,383,0.65
619,417,273,0.65
1718,1989,1302,0.65
2087,546,357,0.65
1647,306,200,0.65
2775,2479,1620,0.65
1922,2592,1693,0.65
1726,331,216,0.65
64,1678,1095,0.65
1945,1073,700,0.65
2324,555,362,0.65
1092,546,356,0.65
1455,295,192,0.65
2597,681,443,0.65
2986,794,516,0.65
2470,1464,951,0.65
1787,635,412,0.65
2703,1924,1248,0.65
2454,748,485,0.65
60,1174,761,0.65
1947,399,258,0.65
2146,741,479,0.65
2108,639,413,0.65
2396,548,354,0.65
2742,2141,1382,0.65
2724,552,356,0.64
2693,1180,761,0.64
2056,2937,1894,0.64
133,1647,1062,0.64
2641,1585,1022,0.64
2679,1131,729,0.64
333,391,252,0.64
1493,402,259,0.64
2109,759,489,0.64
2285,455,293,0.64
1961,774,498,0.64
970,283,182,0.64
158,649,417,0.64
1767,372,239,0.64
1847,422,271,0.64
357,204,131,0.64
2138,299,192,0.64
733,475,305,0.64
2205,567,364,0.64
2826,2807,1802,0.64
1749,507,325,0.64
2744,916,587,0.64
2644,1122,719,0.64
1938,963,617,0.64
169,3353,2148,0.64
2339,2004,1283,0.64
1693,752,481,0.64
284,527,337,0.64
1673,868,555,0.64
1320,316,202,0.64
1806,905,578,0.64
2590,2164,1382,0.64
1381,1159,740,0.64
1715,307,196,0.64
2311,2463,1572,0.64
281,1785,1139,0.64
2466,1395,890,0.64
2833,439,280,0.64
2278,2023,1289,0.64
44,237,151,0.64
2395,617,393,0.64
1991,515,328,0.64
249,3022,1924,0.64
80,616,392,0.64
1145,594,378,0.64
2658,962,612,0.64
1890,453,288,0.64
1863,1463,930,0.64
2619,1114,708,0.64
1544,584,371,0.64
1736,1080,686,0.64
317,307,195,0.64
2279,1610,1022,0.63
2228,1347,855,0.63
2755,339,215,0.63
2227,913,579,0.63
1689,205,130,0.63
2652,820,520,0.63
1479,653,414,0.63
2028,2715,1721,0.63
2261,1210,767,0.63
2181,472,299,0.63
2748,1195,757,0.63
2776,1626,1030,0.63
2626,559,354,0.63
1542,289,183,0.63
639,1003,635,0.63
313,891,564,0.63
595,2831,1791,0.63
2843,1391,880,0.63
51,827,523,0.63
1737,427,270,0.63
2317,416,263,0.63
2194,2759,1744,0.63
985,761,481,0.63
996,182,115,0.63
134,1360,859,0.63
2756,2539,1603,0.63
2791,1906,1203,0.63
229,1406,887,0.63
1435,409,258,0.63
2603,2757,1739,0.63
921,723,456,0.63
2811,1037,654,0.63
1038,333,210,0.63
32,471,297,0.63
2858,996,628,0.63
2334,376,237,0.63
1667,1255,791,0.63
2366,828,521,0.63
1883,3719,2340,0.63
95,2898,1823,0.63
1970,1008,634,0.63
1936,388,244,0.63
1208,1365,858,0.63
86,2239,1407,0.63
2280,877,551,0.63
1932,433,272,0.63
1277,441,277,0.63
1944,328,206,0.63
2743,1752,1100,0.63
2535,763,479,0.63
2838,1742,1093,0.63
2306,1103,692,0.63
2564,1210,759,0.63
745,507,318,0.63
2287,338,212,0.63
2872,118,74,0.63
2333,394,247,0.63
882,946,593,0.63
1432,734,460,0.63
2331,1028,644,0.63
1776,613,384,0.63
2198,1151,721,0.63
2737,840,526,0.63
2727,2150,1346,0.63
2460,2569,1608,0.63
1053,1336,836,0.63
2566,299,187,0.63
2957,331,207,0.63
58,3761,2352,0.63
40,816,510,0.63
461,1736,1085,0.63
1468,400,250,0.63
2124,1157,723,0.62
2033,663,414,0.62
858,410,256,0.62
1778,2001,1249,0.62
1004,1522,950,0.62
819,625,390,0.62
1928,1367,853,0.62
2455,1795,1120,0.62
734,441,275,0.62
711,1586,989,0.62
443,2667,1663,0.62
2049,1176,733,0.62
2055,1408,877,0.62
1140,668,416,0.62
2046,689,429,0.62
1,1794,1117,0.62
2471,3380,2104,0.62
2682,429,267,0.62
974,3657,2276,0.62
575,2918,1816,0.62
423,1472,916,0.62
2024,548,341,0.62
449,2324,1446,0.62
2303,2341,1456,0.62
1312,349,217,0.62
1973,1668,1037,0.62
2034,378,235,0.62
318,3275,2036,0.62
2866,925,575,0.62
637,1912,1188,0.62
2219,1864,1158,0.62
2765,2215,1376,0.62
2754,660,410,0.62
2291,1520,944,0.62
2282,1132,703,0.62
2240,1715,1065,0.62
2878,1216,755,0.62
2635,1931,1198,0.62
2125,2579,1600,0.62
1355,553,343,0.62
608,874,542,0.62
2448,1271,788,0.62
47,1910,1184,0.62
1864,2641,1637,0.62
1115,2067,1281,0.62
2862,802,497,0.62
2966,1383,857,0.62
659,1554,962,0.62
2898,950,588,0.62
2664,1585,981,0.62
1043,354,219,0.62
2767,2095,1296,0.62
2933,970,600,0.62
1385,561,347,0.62
1771,1523,942,0.62
2786,731,452,0.62
2484,896,554,0.62
2544,1970,1218,0.62
1526,1239,766,0.62
2491,1113,688,0.62
13,2026,1252,0.62
417,1209,747,0.62
2409,968,598,0.62
705,1407,869,0.62
2705,1331,822,0.62
2081,708,437,0.62
2645,2312,1427,0.62
2875,1609,993,0.62
1868,441,272,0.62
927,827,510,0.62
222,4340,2676,0.62
2009,2673,1648,0.62
2422,618,381,0.62
833,558,344,0.62
2839,1168,720,0.62
601,683,421,0.62
2799,959,591,0.62
373,198,122,0.62
916,1498,923,0.62
45,784,483,0.62
1882,1159,714,0.62
1076,1432,882,0.62
2089,1408,867,0.62
20,523,322,0.62
1804,614,378,0.62
1755,1116,687,0.62
2102,1402,863,0.62
2636,2917,1795,0.62
2629,1115,686,0.62
1671,543,334,0.62
817,987,607,0.61
1905,2340,1439,0.61
1823,2020,1242,0.61
2043,568,349,0.61
2305,485,298,0.61
532,993,610,0.61
347,1628,1000,0.61
104,2706,1662,0.61
920,673,413,0.61
2704,724,444,0.61
2773,1639,1005,0.61
581,871,534,0.61
2672,2742,1681,0.61
107,2230,1367,0.61
1974,1842,1129,0.61
1340,465,285,0.61
2381,1441,883,0.61
2893,2037,1248,0.61
2182,1463,896,0.61
2338,1024,627,0.61
191,869,532,0.61
1424,624,382,0.61
433,1052,644,0.61
2107,165,101,0.61
1014,219,134,0.61
568,6338,3876,0.61
2298,643,393,0.61
243,774,473,0.61
2410,2111,1290,0.61
2787,1298,793,0.61
2156,948,579,0.61
1215,673,411,0.61
2360,1489,909,0.61
786,2690,1642,0.61
2183,1835,1120,0.61
1740,3035,1852,0.61
1727,1960,1196,0.61
2973,726,443,0.61
1706,259,158,0.61
1785,2415,1473,0.61
330,323,197,0.61
300,610,372,0.61
586,1348,822,0.61
2812,2142,1306,0.61
654,1614,984,0.61
295,2628,1602,0.61
2602,1981,1207,0.61
1862,1453,885,0.61
2141,1412,860,0.61
1642,468,285,0.61
2495,698,425,0.61
2172,1920,1169,0.61
800,322,196,0.61
1893,2021,1230,0.61
2197,894,544,0.61
329,1001,609,0.61
902,526,320,0.61
2820,1187,722,0.61
1854,1906,1159,0.61
2942,1505,915,0.61
2373,1811,1101,0.61
2451,556,338,0.61
2257,1696,1031,0.61
2147,1660,1009,0.61
275,1030,626,0.61
815,413,251,0.61
2885,2141,1301,0.61
1465,1542,937,0.61
2222,683,415,0.61
2792,828,503,0.61
251,3566,2166,0.61
420,736,447,0.61
2174,1882,1143,0.61
2260,1640,996,0.61
861,848,515,0.61
947,387,235,0.61
26,807,490,0.61
2195,1540,935,0.61
332,682,414,0.61
650,1262,766,0.61
542,613,372,0.61
1898,801,486,0.61
2683,445,270,0.61
1170,483,293,0.61
2469,1093,663,0.61
247,3149,1910,0.61
399,2005,1216,0.61
2477,1598,969,0.61
2118,945,573,0.61
1317,2898,1757,0.61
928,579,351,0.61
2948,777,471,0.61
2200,2803,1699,0.61
140,1409,854,0.61
987,830,503,0.61
374,467,283,0.61
2551,1439,872,0.61
402,807,489,0.61
2115,3197,1937,0.61
625,1129,684,0.61
2050,2613,1583,0.61
2561,1182,716,0.61
2517,2419,1465,0.61
1840,1080,654,0.61
1996,2856,1729,0.61
2496,1343,813,0.61
2444,1781,1078,0.61
170,722,437,0.61
781,304,184,0.61
2116,2698,1633,0.61
184,4418,2674,0.61
1957,499,302,0.61
876,385,233,0.61
1334,195,118,0.61
2793,1094,662,0.61
2176,1572,951,0.6
1662,858,519,0.6
2313,1268,767,0.6
426,1857,1123,0.6
1653,736,445,0.6
1552,650,393,0.6
1682,607,367,0.6
1713,2880,1741,0.6
2841,842,509,0.6
1382,1709,1033,0.6
144,235,142,0.6
2593,1880,1136,0.6
2963,1253,757,0.6
2349,1556,940,0.6
2264,1624,981,0.6
2796,1038,627,0.6
148,2331,1408,0.6
1211,2189,1322,0.6
2729,3378,2040,0.6
677,1141,689,0.6
2401,886,535,0.6
2004,732,442,0.6
2506,1262,762,0.6
1769,3171,1914,0.6
2802,2641,1594,0.6
2547,1014,612,0.6
1059,734,443,0.6
2465,1581,954,0.6
2925,1069,645,0.6
1278,368,222,0.6
1733,494,298,0.6
2300,1124,678,0.6
1304,630,380,0.6
1221,781,471,0.6
2032,912,550,0.6
2437,2374,1431,0.6
2788,584,352,0.6
1924,1208,728,0.6
2374,2018,1216,0.6
1637,3199,1927,0.6
71,845,509,0.6
1685,1114,671,0.6
2953,2127,1281,0.6
2424,935,563,0.6
1997,470,283,0.6
2955,1588,956,0.6
2070,1108,667,0.6
2735,716,431,0.6
2656,834,502,0.6
1909,899,541,0.6
2929,1386,834,0.6
2740,2197,1322,0.6
2592,1383,832,0.6
2392,1992,1198,0.6
1006,183,110,0.6
1871,406,244,0.6
1097,1227,737,0.6
2965,1675,1006,0.6
850,388,233,0.6
2467,3244,1948,0.6
1639,5571,3345,0.6
14,4158,2496,0.6
1069,405,243,0.6
2023,165,99,0.6
2992,1354,812,0.6
1792,1289,773,0.6
2488,1508,904,0.6
2684,1123,673,0.6
2404,277,166,0.6
2286,756,453,0.6
188,1961,1175,0.6
660,459,275,0.6
1875,1040,623,0.6
2580,2289,1371,0.6
164,3047,1825,0.6
2265,1710,1024,0.6
2557,678,406,0.6
2492,2141,1282,0.6
2012,157,94,0.6
738,1196,716,0.6
1371,5459,3268,0.6
197,1567,938,0.6
2675,1360,814,0.6
2000,4067,2434,0.6
2867,996,596,0.6
2711,3067,1835,0.6
2732,1172,701,0.6
1412,694,415,0.6
2587,2619,1566,0.6
2421,1350,807,0.6
2077,1215,726,0.6
655,1103,659,0.6
360,1883,1125,0.6
1896,1299,776,0.6
155,1788,1068,0.6
2388,2195,1311,0.6
730,365,218,0.6
1601,1832,1094,0.6
2151,139,83,0.6
561,479,286,0.6
2545,752,449,0.6
1761,1881,1123,0.6
2351,670,400,0.6
2474,330,197,0.6
2494,1912,1141,0.6
341,3117,1860,0.6
2906,1143,682,0.6
2825,1227,732,0.6
1384,1108,661,0.6
2928,1631,973,0.6
470,399,238,0.6
110,3587,2139,0.6
715,976,582,0.6
293,2249,1341,0.6
2941,1912,1140,0.6
2060,2798,1668,0.6
497,1025,611,0.6
1758,1770,1055,0.6
352,908,541,0.6
1781,1593,949,0.6
2072,1662,990,0.6
324,784,467,0.6
1001,549,327,0.6
2722,848,505,0.6
1213,487,290,0.6
1062,262,156,0.6
1156,415,247,0.6
2660,1277,760,0.6
2066,484,288,0.6
2026,1926,1146,0.6
1912,1469,874,0.59
1283,2975,1770,0.59
2348,943,561,0.59
984,338,201,0.59
2482,2067,1229,0.59
336,3944,2345,0.59
2790,2111,1255,0.59
482,1842,1095,0.59
1486,323,192,0.59
945,466,277,0.59
2336,488,290,0.59
2834,658,391,0.59
204,3514,2088,0.59
2533,1688,1003,0.59
846,340,202,0.59
1808,1606,954,0.59
1425,2697,1602,0.59
1747,362,215,0.59
530,3285,1951,0.59
2576,522,310,0.59
2493,2866,1702,0.59
1403,1194,709,0.59
2726,1728,1026,0.59
1418,1590,944,0.59
400,411,244,0.59
1954,529,314,0.59
2565,1486,882,0.59
2736,1331,790,0.59
2763,1862,1105,0.59
2697,2233,1325,0.59
261,1372,814,0.59
1889,327,194,0.59
1060,386,229,0.59
1464,236,140,0.59
466,838,497,0.59
1739,838,497,0.59
2173,2381,1412,0.59
2969,2842,1685,0.59
1366,253,150,0.59
2312,2962,1756,0.59
2771,948,562,0.59
1684,1930,1144,0.59
372,1019,604,0.59
1948,545,323,0.59
2698,1770,1049,0.59
2932,1485,880,0.59
2098,1588,941,0.59
2816,1529,906,0.59
2956,1740,1031,0.59
36,719,426,0.59
2292,1060,628,0.59
2512,1136,673,0.59
554,4264,2526,0.59
109,2826,1674,0.59
2674,1182,700,0.59
852,3700,2191,0.59
839,255,151,0.59
2040,505,299,0.59
617,5327,3153,0.59
1396,1230,728,0.59
956,1269,751,0.59
2869,1362,806,0.59
514,529,313,0.59
661,960,568,0.59
2475,612,362,0.59
168,1765,1044,0.59
1678,2729,1614,0.59
18,4226,2499,0.59
1430,707,418,0.59
2549,1338,791,0.59
2193,4084,2414,0.59
2628,1389,821,0.59
2677,2472,1461,0.59
1691,1066,630,0.59
662,1017,601,0.59
1813,1193,705,0.59
135,748,442,0.59
190,1826,1079,0.59
1696,2178,1287,0.59
2699,1980,1170,0.59
1803,4292,2536,0.59
2407,1547,914,0.59
2088,860,508,0.59
282,1522,899,0.59
2531,1827,1079,0.59
2950,2000,1181,0.59
1939,2757,1628,0.59
296,547,323,0.59
56,1477,872,0.59
535,1008,595,0.59
1150,898,530,0.59
2989,2025,1195,0.59
446,522,308,0.59
2657,983,580,0.59
1075,1268,748,0.59
2423,1124,663,0.59
1860,1614,952,0.59
471,780,460,0.59
2498,753,444,0.59
1635,614,362,0.59
2845,1442,850,0.59
321,1298,765,0.59
2483,1159,683,0.59
1217,1383,815,0.59
503,728,429,0.59
290,465,274,0.59
1816,2269,1337,0.59
1615,1132,667,0.59
2930,1076,634,0.59
2960,3654,2153,0.59
129,1239,730,0.59
922,684,403,0.59
1033,443,261,0.59
1698,2283,1345,0.59
61,1380,813,0.59
2082,1414,833,0.59
2642,2122,1250,0.59
2730,1377,811,0.59
2559,1231,725,0.59
986,669,394,0.59
1681,2593,1527,0.59
686,1221,719,0.59
1919,1041,613,0.59
2530,1255,739,0.59
1640,1075,633,0.59
1955,1610,948,0.59
259,715,421,0.59
648,1070,630,0.59
2919,1595,939,0.59
308,3287,1935,0.59
2617,2049,1206,0.59
1028,5067,2982,0.59
2093,605,356,0.59
2267,2077,1222,0.59
2006,1348,793,0.59
787,1287,757,0.59
2393,1860,1094,0.59
2225,3579,2105,0.59
2611,692,407,0.59
2939,3489,2052,0.59
213,1238,728,0.59
2987,1505,885,0.59
1829,1170,688,0.59
2065,517,304,0.59
38,1546,909,0.59
838,558,328,0.59
1794,968,569,0.59
2236,1885,1108,0.59
1587,1470,864,0.59
1981,1174,690,0.59
2269,924,543,0.59
1147,2054,1207,0.59
2218,914,537,0.59
2042,1401,823,0.59
1998,366,215,0.59
1049,538,316,0.59
1824,3172,1863,0.59
1994,344,202,0.59
19,3442,2021,0.59
1984,1758,1032,0.59
534,2063,1211,0.59
1661,2770,1626,0.59
62,845,496,0.59
2310,2651,1556,0.59
1621,627,368,0.59
812,1208,709,0.59
2155,547,321,0.59
2201,1544,906,0.59
1579,438,257,0.59
2546,542,318,0.59
1362,421,247,0.59
609,2971,1743,0.59
752,2915,1710,0.59
1299,1768,1037,0.59
2949,1618,949,0.59
2651,1514,888,0.59
600,1255,736,0.59
2770,1122,658,0.59
1918,2309,1354,0.59
1802,2205,1293,0.59
2025,1477,866,0.59
1666,406,238,0.59
2842,1346,789,0.59
783,1317,772,0.59
458,1027,602,0.59
1106,1329,779,0.59
2262,1846,1082,0.59
2438,1556,912,0.59
2003,720,422,0.59
2977,2565,1503,0.59
2443,1712,1003,0.59
416,1130,662,0.59
1712,705,413,0.59
2171,1970,1154,0.59
2099,1825,1069,0.59
2537,1277,748,0.59
314,2870,1681,0.59
2784,1820,1066,0.59
2543,1161,680,0.59
1859,2042,1196,0.59
151,893,523,0.59
139,572,335,0.59
1710,2288,1340,0.59
192,3217,1884,0.59
1916,362,212,0.59
2567,543,318,0.59
2695,362,212,0.59
2167,1146,671,0.59
29,1404,822,0.59
1764,2335,1367,0.59
1811,1775,1039,0.59
1356,639,374,0.59
1754,1391,814,0.59
1146,1574,921,0.59
900,2227,1303,0.59
2895,829,485,0.59
762,1094,640,0.59
2985,1359,795,0.58
108,1159,678,0.58
2134,1872,1095,0.58
2558,677,396,0.58
847,224,131,0.58
2927,1067,624,0.58
2554,638,373,0.58
2944,2044,1195,0.58
1374,1093,639,0.58
2456,1129,660,0.58
2452,1432,837,0.58
2266,953,557,0.58
2916,835,488,0.58
2976,2772,1620,0.58
2387,1612,942,0.58
1354,2355,1376,0.58
2302,1520,888,0.58
2540,1428,834,0.58
2430,1858,1085,0.58
1985,2007,1172,0.58
1262,2829,1652,0.58
2347,3425,2000,0.58
2622,2079,1214,0.58
2803,3682,2150,0.58
1665,1281,748,0.58
883,1353,790,0.58
2252,1396,815,0.58
2307,800,467,0.58
450,1057,617,0.58
2952,2402,1402,0.58
2852,1004,586,0.58
2097,2476,1445,0.58
1989,317,185,0.58
2079,1950,1138,0.58
881,742,433,0.58
1533,1054,615,0.58
2832,737,430,0.58
2371,984,574,0.58
1546,823,480,0.58
1805,1082,631,0.58
2883,2351,1371,0.58
1690,1113,649,0.58
1676,2799,1632,0.58
1295,578,337,0.58
1067,554,323,0.58
1923,1542,899,0.58
2068,1410,822,0.58
454,856,499,0.58
1400,1851,1079,0.58
311,1146,668,0.58
2473,1062,619,0.58
1189,2100,1224,0.58
2943,2692,1569,0.58
499,1141,665,0.58
2900,2071,1207,0.58
388,1256,732,0.58
894,302,176,0.58
2175,1347,785,0.58
2917,2308,1345,0.58
2440,2121,1236,0.58
1249,2569,1497,0.58
2131,3824,2228,0.58
1958,817,476,0.58
103,1792,1044,0.58
289,1320,769,0.58
2126,2640,1538,0.58
2189,1538,896,0.58
2121,1157,674,0.58
2142,3193,1860,0.58
2187,2335,1360,0.58
301,807,470,0.58
1789,2696,1570,0.58
1756,304,177,0.58
1576,1022,595,0.58
299,1424,829,0.58
2814,1790,1042,0.58
2083,1912,1113,0.58
2694,682,397,0.58
2959,1548,901,0.58
264,835,486,0.58
1852,2134,1242,0.58
487,1220,710,0.58
2578,421,245,0.58
2090,1849,1076,0.58
504,586,341,0.58
1992,1686,981,0.58
1741,220,128,0.58
1255,1724,1003,0.58
2757,3161,1839,0.58
2362,1064,619,0.58
307,2993,1741,0.58
621,1518,883,0.58
2631,1348,784,0.58
2873,282,164,0.58
9,1073,624,0.58
2476,1116,649,0.58
2800,1116,649,0.58
1942,2368,1377,0.58
2220,1988,1156,0.58
596,1025,596,0.58
24,2351,1367,0.58
1137,786,457,0.58
31,3036,1765,0.58
2805,2718,1580,0.58
2446,1765,1026,0.58
2419,1827,1062,0.58
2844,1700,988,0.58
1874,2120,1232,0.58
1652,2091,1215,0.58
154,3886,2258,0.58
1491,1377,800,0.58
315,3100,1801,0.58
2884,1952,1134,0.58
1034,618,359,0.58
2731,785,456,0.58
1975,544,316,0.58
246,1255,729,0.58
2237,2238,1300,0.58
2400,606,352,0.58
2671,2006,1165,0.58
4,3327,1932,0.58
1995,2206,1281,0.58
2243,1438,835,0.58
165,2704,1570,0.58
959,2744,1593,0.58
638,3168,1839,0.58
1558,1926,1118,0.58
1935,1833,1064,0.58
1509,1628,945,0.58
2920,1604,931,0.58
1987,1082,628,0.58
2938,2619,1520,0.58
1251,1263,733,0.58
1030,1935,1123,0.58
2601,1027,596,0.58
2891,2297,1333,0.58
1612,1310,760,0.58
1873,631,366,0.58
2463,1414,820,0.58
1972,852,494,0.58
2760,1463,848,0.58
2954,616,357,0.58
2464,2333,1352,0.58
2416,718,416,0.58
91,1745,1011,0.58
354,958,555,0.58
2714,1072,621,0.58
2907,2693,1560,0.58
1124,1079,625,0.58
274,537,311,0.58
1259,651,377,0.58
2795,1637,948,0.58
2139,1454,842,0.58
2723,1290,747,0.58
2914,3276,1897,0.58
1417,513,297,0.58
2018,380,220,0.58
2232,380,220,0.58
1953,1774,1027,0.58
2689,2655,1537,0.58
2058,1052,609,0.58
2874,710,411,0.58
2608,2460,1424,0.58
845,1560,903,0.58
1853,838,485,0.58
239,1455,842,0.58
1791,1455,842,0.58
219,788,456,0.58
1387,3591,2078,0.58
1431,1481,857,0.58
2425,1234,714,0.58
923,1611,932,0.58
1842,2790,1614,0.58
106,1421,822,0.58
2712,3311,1915,0.58
171,1423,823,0.58
101,1302,753,0.58
2794,1954,1130,0.58
5,2219,1283,0.58
2405,275,159,0.58
886,953,551,0.58
441,2079,1202,0.58
2067,2657,1536,0.58
2391,922,533,0.58
1450,2085,1205,0.58
2342,1130,653,0.58
1365,983,568,0.58
152,2191,1266,0.58
2479,1698,981,0.58
2618,3301,1907,0.58
432,1823,1053,0.58
899,400,231,0.58
604,1084,626,0.58
2123,613,354,0.58
1444,1207,697,0.58
760,2653,1532,0.58
802,4558,2632,0.58
597,388,224,0.58
2688,3359,1939,0.58
2685,1327,766,0.58
2700,2616,1510,0.58
49,1736,1002,0.58
1826,1639,946,0.58
21,1173,677,0.58
2406,376,217,0.58
683,655,378,0.58
2522,1589,917,0.58
2851,733,423,0.58
2326,1700,981,0.58
2615,1721,993,0.58
2774,1598,922,0.58
1239,1976,1140,0.58
1638,1560,900,0.58
2560,1815,1047,0.58
2168,690,398,0.58
117,1479,853,0.58
1287,2308,1331,0.58
665,2445,1410,0.58
2208,1578,910,0.58
2233,763,440,0.58
2329,1363,786,0.58
2585,1859,1072,0.58
2538,1318,760,0.58
1169,1651,952,0.58
828,496,286,0.58
179,725,418,0.58
1641,1851,1067,0.58
2332,916,528,0.58
2091,2663,1535,0.58
2010,602,347,0.58
2357,1846,1064,0.58
681,3156,1819,0.58
2749,668,385,0.58
2092,2993,1725,0.58
130,1730,997,0.58
2572,1324,763,0.58
1648,1928,1111,0.58
1978,3348,1929,0.58
1920,1241,715,0.58
2536,1097,632,0.58
2778,2453,1413,0.58
1203,1677,966,0.58
2020,750,432,0.58
1342,2087,1202,0.58
2290,1936,1115,0.58
941,1462,842,0.58
1967,1212,698,0.58
345,3011,1734,0.58
474,1622,934,0.58
2295,1754,1010,0.58
1768,1174,676,0.58
1310,879,506,0.58
370,2139,1231,0.58
940,563,324,0.58
316,530,305,0.58
1680,1359,782,0.58
1687,2659,1530,0.58
2478,2388,1374,0.58
1179,1062,611,0.58
590,3273,1883,0.58
963,1568,902,0.58
1238,1137,654,0.58
2562,1064,612,0.58
2934,1257,723,0.58
1305,852,490,0.58
492,1551,892,0.58
2499,1671,961,0.58
1658,2264,1302,0.58
1260,939,540,0.58
1849,1859,1069,0.58
569,1800,1035,0.58
1050,640,368,0.58
1078,320,184,0.58
1686,2875,1653,0.57
193,4783,2750,0.57
35,1541,886,0.57
2211,2155,1239,0.57
2380,1489,856,0.57
1866,621,357,0.57
2691,2399,1379,0.57
54,3335,1917,0.57
203,1458,838,0.57
571,5377,3090,0.57
1886,1192,685,0.57
395,1655,951,0.57
280,2640,1517,0.57
2931,1850,1063,0.57
147,456,262,0.57
279,1241,713,0.57
2659,1382,794,0.57
2854,1302,748,0.57
2507,1450,833,0.57
1784,1967,1130,0.57
2022,1128,648,0.57
414,1612,926,0.57
1960,430,247,0.57
448,1109,637,0.57
751,4147,2382,0.57
1349,1015,583,0.57
361,2622,1506,0.57
205,1997,1147,0.57
1773,2549,1464,0.57
1120,3364,1932,0.57
1850,794,456,0.57
362,1536,882,0.57
2758,2104,1208,0.57
1750,1632,937,0.57
2719,2867,1646,0.57
256,3616,2076,0.57
556,270,155,0.57
868,1296,744,0.57
1411,1141,655,0.57
1242,2789,1601,0.57
126,2723,1563,0.57
2253,1488,854,0.57
740,974,559,0.57
1971,1549,889,0.57
2630,805,462,0.57
2113,3600,2066,0.57
2157,1598,917,0.57
1949,1131,649,0.57
2940,3428,1967,0.57
1404,814,467,0.57
145,3263,1872,0.57
1988,502,288,0.57
1233,835,479,0.57
143,2153,1235,0.57
74,917,526,0.57
1279,1644,943,0.57
1891,1747,1002,0.57
1964,4840,2776,0.57
42,3712,2129,0.57
1281,1156,663,0.57
2019,1503,862,0.57
1453,1306,749,0.57
2634,1967,1128,0.57
1186,633,363,0.57
2905,1280,734,0.57
232,2016,1156,0.57
245,1383,793,0.57
444,1840,1055,0.57
573,1235,708,0.57
186,1938,1111,0.57
334,2629,1507,0.57
2013,478,274,0.57
2356,1284,736,0.57
1360,916,525,0.57
2135,923,529,0.57
1714,506,290,0.57
1020,616,353,0.57
1051,1733,993,0.57
867,1316,754,0.57
1959,569,326,0.57
2314,857,491,0.57
2223,604,346,0.57
576,2404,1377,0.57
1518,1161,665,0.57
68,4019,2302,0.57
994,2364,1354,0.57
2364,1182,677,0.57
1087,866,496,0.57
1328,1004,575,0.57
1263,2326,1332,0.57
1314,1687,966,0.57
2937,2321,1329,0.57
1933,2108,1207,0.57
873,510,292,0.57
66,2194,1256,0.57
276,6764,3872,0.57
2258,1050,601,0.57
2779,1686,965,0.57
2542,1099,629,0.57
2071,1314,752,0.57
1584,1010,578,0.57
951,2740,1568,0.57
1517,1052,602,0.57
1913,547,313,0.57
2363,1524,872,0.57
1668,2508,1435,0.57
90,1767,1011,0.57
931,430,246,0.57
1306,1075,615,0.57
2103,1304,746,0.57
2449,1610,921,0.57
2158,1236,707,0.57
89,2750,1573,0.57
2625,507,290,0.57
2128,1535,878,0.57
2598,1320,755,0.57
555,1855,1061,0.57
1218,1154,660,0.57
1968,1752,1002,0.57
1702,2485,1421,0.57
162,4362,2494,0.57
2238,3299,1886,0.57
506,1884,1077,0.57
1483,1571,898,0.57
835,2682,1533,0.57
142,1034,591,0.57
1501,1447,827,0.57
485,231,132,0.57
2595,1612,921,0.57
272,1304,745,0.57
2728,3697,2112,0.57
2607,1754,1002,0.57
2978,2705,1545,0.57
788,1294,739,0.57
2563,1674,956,0.57
377,2694,1538,0.57
2676,1848,1055,0.57
2610,1263,721,0.57
831,2824,1612,0.57
2325,1822,1040,0.57
1841,2127,1214,0.57
2008,1435,819,0.57
2418,764,436,0.57
2021,1940,1107,0.57
2521,1749,998,0.57
1294,3004,1714,0.57
73,1304,744,0.57
1389,2056,1173,0.57
2412,901,514,0.57
2212,1646,939,0.57
375,3115,1777,0.57
386,2945,1680,0.57
2951,703,401,0.57
2247,3163,1804,0.57
2738,2211,1261,0.57
2159,775,442,0.57
1154,1615,921,0.57
1138,1708,974,0.57
1348,1559,889,0.57
1011,1510,861,0.57
668,114,65,0.57
1827,3827,2182,0.57
726,1419,809,0.57
1467,2775,1582,0.57
2241,2119,1208,0.57
2439,1470,838,0.57
2882,1363,777,0.57
1343,1563,891,0.57
1118,2407,1372,0.57
2299,393,224,0.57
2462,865,493,0.57
237,1416,807,0.57
1765,658,375,0.57
1507,1030,587,0.57
2702,3348,1908,0.57
2759,2722,1551,0.57
81,1139,649,0.57
1830,1304,743,0.57
799,516,294,0.57
2378,2150,1225,0.57
119,1197,682,0.57
2209,1534,874,0.57
2550,1055,601,0.57
2039,962,548,0.57
562,3002,1710,0.57
1437,1101,627,0.57
476,1461,832,0.57
285,943,537,0.57
869,1951,1111,0.57
707,792,451,0.57
1799,548,312,0.57
509,1379,785,0.57
1934,1871,1065,0.57
930,3525,2006,0.57
1867,1933,1100,0.57
2509,2028,1154,0.57
2818,884,503,0.57
2581,2610,1485,0.57
626,907,516,0.57
1908,2206,1255,0.57
2275,1865,1061,0.57
1000,2468,1404,0.57
2924,1387,789,0.57
2903,712,405,0.57
258,3223,1833,0.57
732,1412,803,0.57
1408,1187,675,0.57
2666,1050,597,0.57
319,2401,1365,0.57
2573,1124,639,0.57
1135,1511,859,0.57
92,3680,2092,0.57
1797,2514,1429,0.57
2322,1418,806,0.57
2273,3621,2058,0.57
2696,827,470,0.57
2293,2189,1244,0.57
2746,1003,570,0.57
2489,1406,799,0.57
958,4387,2493,0.57
2161,1846,1049,0.57
6,2200,1250,0.57
2149,1056,600,0.57
1499,2554,1451,0.57
1017,1755,997,0.57
1070,3065,1741,0.57
518,2590,1471,0.57
1013,655,372,0.57
566,4739,2691,0.57
1272,1675,951,0.57
776,340,193,0.57
2062,525,298,0.57
1407,2708,1537,0.57
1832,3094,1756,0.57
975,2881,1635,0.57
2386,3052,1732,0.57
1825,2980,1691,0.57
2718,2737,1553,0.57
1398,1900,1078,0.57
2988,1440,817,0.57
1167,386,219,0.57
2199,1225,695,0.57
966,2274,1290,0.57
862,2200,1248,0.57
2417,513,291,0.57
1319,915,519,0.57
592,2315,1313,0.57
552,737,418,0.57
1993,871,494,0.57
2511,2807,1592,0.57
1770,2137,1212,0.57
2426,2502,1419,0.57
1207,2398,1360,0.57
2080,1460,828,0.57
2038,2855,1619,0.57
1583,5111,2898,0.57
1650,1000,567,0.57
1308,1993,1130,0.57
1332,2053,1164,0.57
325,799,453,0.57
2112,2542,1441,0.57
1885,2350,1332,0.57
55,2096,1188,0.57
2224,3169,1796,0.57
1441,757,429,0.57
2017,787,446,0.57
52,2564,1453,0.57
118,1350,765,0.57
1134,1823,1033,0.57
1172,1703,965,0.57
270,4779,2708,0.57
260,2575,1459,0.57
202,3267,1851,0.57
761,646,366,0.57
2431,1495,847,0.57
350,759,430,0.57
1048,2286,1295,0.57
2389,2256,1278,0.57
1445,3490,1977,0.57
1286,1354,767,0.57
1166,715,405,0.57
753,3116,1765,0.57
349,768,435,0.57
2654,1762,998,0.57
768,814,461,0.57
2094,1206,683,0.57
50,3491,1977,0.57
291,1056,598,0.57
2184,1826,1034,0.57
2548,1049,594,0.57
870,687,389,0.57
1748,3737,2116,0.57
1925,793,449,0.57
1359,899,509,0.57
2353,1761,997,0.57
2896,2185,1237,0.57
2789,1104,625,0.57
1191,1097,621,0.57
1459,3261,1846,0.57
404,1067,604,0.57
513,3466,1962,0.57
611,3784,2142,0.57
236,931,527,0.57
2918,1620,917,0.57
1241,1083,613,0.57
1361,894,506,0.57
2315,1705,965,0.57
1173,705,399,0.57
2274,4338,2455,0.57
836,1389,786,0.57
312,1663,941,0.57
1704,1702,963,0.57
149,4263,2412,0.57
2231,988,559,0.57
1064,1050,594,0.57
2721,175,99,0.57
217,3074,1739,0.57
122,6247,3534,0.57
1644,1621,917,0.57
1884,1294,732,0.57
271,2162,1223,0.57
1386,1234,698,0.57
163,3230,1827,0.57
1585,1791,1013,0.57
2472,2709,1532,0.57
429,1473,833,0.57
2379,3229,1826,0.57
1599,1222,691,0.57
2528,1749,989,0.57
266,1857,1050,0.57
1701,3992,2257,0.57
2185,2432,1375,0.57
216,3863,2184,0.57
1285,964,545,0.57
424,421,238,0.57
2177,2604,1472,0.57
138,1348,762,0.57
2600,1042,589,0.57
629,2146,1213,0.57
214,3588,2028,0.57
483,897,507,0.57
997,1380,780,0.57
1593,3521,1990,0.57
801,3452,1951,0.57
1414,959,542,0.57
2815,2571,1453,0.57
230,1474,833,0.57
1363,3003,1697,0.57
973,1191,673,0.57
210,561,317,0.57
823,1952,1103,0.57
2385,3152,1781,0.57
493,1384,782,0.57
1393,2761,1560,0.57
1609,1177,665,0.56
1399,1131,639,0.56
2304,970,548,0.56
901,3443,1945,0.56
1321,2213,1250,0.56
2847,1859,1050,0.56
1772,1921,1085,0.56
2968,2346,1325,0.56
1732,2539,1434,0.56
2503,795,449,0.56
2370,2663,1504,0.56
1798,1197,676,0.56
2579,997,563,0.56
2908,2072,1170,0.56
1700,2081,1175,0.56
1980,1690,954,0.56
241,2929,1653,0.56
351,808,456,0.56
702,684,386,0.56
2162,1306,737,0.56
1037,2752,1553,0.56
735,1524,860,0.56
366,1618,913,0.56
2523,856,483,0.56
8,3316,1871,0.56
917,1230,694,0.56
157,3357,1894,0.56
502,3217,1815,0.56
16,2407,1358,0.56
278,3203,1807,0.56
1881,1785,1007,0.56
348,1684,950,0.56
1917,2035,1148,0.56
2594,2519,1421,0.56
438,2927,1651,0.56
2450,1062,599,0.56
1607,2312,1304,0.56
727,1213,684,0.56
2117,1229,693,0.56
2119,1410,795,0.56
2668,658,371,0.56
2294,1387,782,0.56
1184,4795,2703,0.56
2318,1013,571,0.56
70,1838,1036,0.56
1833,1776,1001,0.56
1094,2232,1258,0.56
479,2344,1321,0.56
201,1590,896,0.56
2823,3118,1757,0.56
10,2284,1287,0.56
719,3539,1994,0.56
2086,875,493,0.56
653,1365,769,0.56
2741,1736,978,0.56
2923,2858,1610,0.56
1929,687,387,0.56
549,2480,1397,0.56
643,2418,1362,0.56
309,2395,1349,0.56
1820,2285,1287,0.56
1536,3068,1728,0.56
242,1811,1020,0.56
2436,1250,704,0.56
748,1797,1012,0.56
1521,586,330,0.56
1999,3621,2039,0.56
2213,1355,763,0.56
2936,2886,1625,0.56
2153,1959,1103,0.56
2297,1714,965,0.56
218,1851,1042,0.56
2926,1295,729,0.56
2152,1041,586,0.56
1121,2384,1342,0.56
2777,1542,868,0.56
657,787,443,0.56
419,954,537,0.56
2837,1654,931,0.56
679,1258,708,0.56
494,1306,735,0.56
2263,1848,1040,0.56
2368,1921,1081,0.56
238,1994,1122,0.56
457,1013,570,0.56
578,782,440,0.56
1168,1269,714,0.56
1375,1687,949,0.56
2861,2098,1180,0.56
647,1954,1099,0.56
792,4241,2385,0.56
2768,2166,1218,0.56
1763,2047,1151,0.56
2687,5202,2925,0.56
856,1951,1097,0.56
1899,2995,1684,0.56
2762,1606,903,0.56
2980,1494,840,0.56
338,2419,1360,0.56
2747,2878,1618,0.56
809,1327,746,0.56
1851,2325,1307,0.56
1835,2889,1624,0.56
1390,1642,923,0.56
537,902,507,0.56
1952,2151,1209,0.56
1009,1790,1006,0.56
1822,2856,1605,0.56
2480,1041,585,0.56
2481,3310,1860,0.56
1848,2075,1166,0.56
943,961,540,0.56
1502,3652,2052,0.56
1901,2780,1562,0.56
1090,2643,1485,0.56
2888,1237,695,0.56
2692,2444,1373,0.56
453,1919,1078,0.56
2487,1134,637,0.56
913,2092,1175,0.56
1254,657,369,0.56
1102,1136,638,0.56
564,1907,1071,0.56
989,2256,1267,0.56
1216,2379,1336,0.56
327,2007,1127,0.56
2100,1959,1100,0.56
622,1512,849,0.56
709,2634,1479,0.56
306,1236,694,0.56
1470,1448,813,0.56
57,3313,1860,0.56
914,2553,1433,0.56
2650,1281,719,0.56
1520,3168,1778,0.56
2850,2719,1526,0.56
1743,196,110,0.56
355,2035,1142,0.56
841,3122,1752,0.56
1979,1105,620,0.56
2246,2210,1240,0.56
69,1745,979,0.56
75,3508,1968,0.56
283,984,552,0.56
2014,1715,962,0.56
613,3906,2191,0.56
1250,1979,1110,0.56
1649,1585,889,0.56
1276,1298,728,0.56
322,4292,2407,0.56
2591,2960,1660,0.56
2130,2288,1283,0.56
220,3276,1837,0.56
1421,1778,997,0.56
1705,3369,1889,0.56
2639,1211,679,0.56
263,783,439,0.56
2420,2672,1498,0.56
1461,2560,1435,0.56
67,3627,2033,0.56
909,2573,1442,0.56
1337,1142,640,0.56
1151,1624,910,0.56
2254,1210,678,0.56
394,1169,655,0.56
17,4071,2281,0.56
2638,1294,725,0.56
65,4257,2385,0.56
1440,4209,2358,0.56
724,4811,2695,0.56
496,266,149,0.56
1293,757,424,0.56
477,982,550,0.56
1098,3389,1898,0.56
2180,1216,681,0.56
1786,1291,723,0.56
2206,1784,999,0.56
2459,2993,1676,0.56
949,2743,1536,0.56
1986,1334,747,0.56
2655,2293,1284,0.56
174,1843,1032,0.56
1457,2202,1233,0.56
1420,2136,1196,0.56
2519,3363,1883,0.56
430,5008,2804,0.56
2868,2072,1160,0.56
1052,2699,1511,0.56
2807,2642,1479,0.56
1377,1522,852,0.56
2849,2276,1274,0.56
2217,1649,923,0.56
2170,1097,614,0.56
1163,1685,943,0.56
2835,956,535,0.56
2276,1705,954,0.56
1178,1244,696,0.56
2359,824,461,0.56
48,1850,1035,0.56
2084,1952,1092,0.56
2059,1221,683,0.56
431,3009,1683,0.56
864,3422,1914,0.56
1720,1155,646,0.56
1628,1341,750,0.56
123,2380,1331,0.56
2860,2044,1143,0.56
820,2375,1328,0.56
1439,2411,1348,0.56
1081,2293,1282,0.56
851,1921,1074,0.56
2717,1608,899,0.56
1133,2819,1576,0.56
2256,2077,1161,0.56
1878,1900,1062,0.56
775,560,313,0.56
1495,2609,1458,0.56
810,1156,646,0.56
465,1854,1036,0.56
2047,927,518,0.56
688,1072,599,0.56
2733,1038,580,0.56
716,3889,2173,0.56
546,1047,585,0.56
1336,1643,918,0.56
2797,1450,810,0.56
1719,836,467,0.56
2301,1980,1106,0.56
784,1776,992,0.56
2341,4297,2400,0.56
2901,2358,1317,0.56
978,564,315,0.56
1577,2410,1346,0.56
822,1103,616,0.56
2361,1866,1042,0.56
950,2142,1196,0.56
1614,1748,976,0.56
570,2683,1498,0.56
412,1363,761,0.56
2764,2375,1326,0.56
2686,1947,1087,0.56
189,987,551,0.56
2051,2155,1203,0.56
746,912,509,0.56
2899,826,461,0.56
187,697,389,0.56
2678,2428,1355,0.56
2649,1430,798,0.56
2354,2378,1327,0.56
2706,457,255,0.56
2556,1131,631,0.56
439,2323,1296,0.56
2887,2047,1142,0.56
2599,1746,974,0.56
376,1219,680,0.56
2136,1886,1052,0.56
447,2942,1641,0.56
159,1680,937,0.56
992,2747,1532,0.56
1204,364,203,0.56
491,4024,2244,0.56
2249,1960,1093,0.56
172,2733,1524,0.56
481,1476,823,0.56
365,2900,1617,0.56
1055,1173,654,0.56
1108,1141,636,0.56
396,2742,1528,0.56
832,2403,1339,0.56
2785,2328,1297,0.56
180,429,239,0.56
529,1795,1000,0.56
516,1226,683,0.56
1861,1384,771,0.56
667,5082,2831,0.56
2179,1210,674,0.56
304,307,171,0.56
1554,1810,1008,0.56
1547,1661,925,0.56
273,1196,666,0.56
544,2401,1337,0.56
2365,1936,1078,0.56
2078,1981,1103,0.56
1265,4147,2309,0.56
2277,2168,1207,0.56
1402,1622,903,0.56
84,3977,2214,0.56
890,1112,619,0.56
1045,521,290,0.56
1325,1166,649,0.56
2751,1917,1067,0.56
1481,539,300,0.56
1436,1132,630,0.56
2894,1531,852,0.56
1788,354,197,0.56
1077,1585,882,0.56
1946,3587,1996,0.56
1578,3003,1671,0.56
287,1630,907,0.56
1100,1772,986,0.56
1025,3492,1943,0.56
522,2394,1332,0.56
2248,2466,1372,0.56
2497,1801,1002,0.56
1963,2520,1402,0.56
2623,1616,899,0.56
2350,1208,672,0.56
262,2754,1532,0.56
1560,1102,613,0.56
1183,800,445,0.56
1012,2409,1340,0.56
1488,827,460,0.56
1141,2722,1514,0.56
2468,1726,960,0.56
1066,1744,970,0.56
744,1397,777,0.56
2609,1789,995,0.56
1870,1976,1099,0.56
1333,2359,1312,0.56
682,989,550,0.56
1651,1863,1036,0.56
2330,1293,719,0.56
558,3622,2014,0.56
1024,1169,650,0.56
131,3304,1837,0.56
1442,518,288,0.56
1415,1849,1028,0.56
2583,1063,591,0.56
972,3427,1905,0.56
1247,1567,871,0.56
2337,1218,677,0.56
1527,1684,936,0.56
41,484,269,0.56
1591,1794,997,0.56
2486,1812,1007,0.56
1810,5967,3316,0.56
161,1346,748,0.56
209,1472,818,0.56
2640,1616,898,0.56
11,2460,1367,0.56
2804,3038,1688,0.56
2148,2419,1344,0.56
722,3112,1729,0.56
331,108,60,0.56
623,432,240,0.56
2662,2628,1460,0.56
305,1622,901,0.56
28,1514,841,0.56
2137,1280,711,0.56
472,1876,1042,0.56
113,929,516,0.56
879,821,456,0.56
2413,2184,1213,0.56
2713,1626,903,0.56
1618,2694,1496,0.56
559,3633,2017,0.56
843,2394,1329,0.56
829,1897,1053,0.56
1605,1126,625,0.56
1907,1798,998,0.56
955,872,484,0.56
2524,2654,1473,0.56
2710,3818,2119,0.56
1879,2591,1438,0.55
2064,382,212,0.55
2394,1492,828,0.55
2514,4076,2262,0.55
610,2002,1111,0.55
1235,665,369,0.55
980,1476,819,0.55
2984,1595,885,0.55
1742,2325,1290,0.55
136,1678,931,0.55
1395,1523,845,0.55
2144,2592,1438,0.55
1031,2136,1185,0.55
1688,1069,593,0.55
2207,1736,963,0.55
2345,2230,1237,0.55
2052,2324,1289,0.55
2670,2627,1457,0.55
680,1300,721,0.55
2979,3260,1808,0.55
1800,110,61,0.55
456,761,422,0.55
602,1284,712,0.55
2316,642,356,0.55
2577,1275,707,0.55
1622,1266,702,0.55
977,1827,1013,0.55
1237,1185,657,0.55
112,1461,810,0.55
1722,1912,1060,0.55
413,1140,632,0.55
1046,1508,836,0.55
1369,1840,1020,0.55
2073,433,240,0.55
2369,1299,720,0.55
756,4321,2395,0.55
971,5449,3020,0.55
1063,2629,1457,0.55
830,2353,1304,0.55
2813,2252,1248,0.55
1731,803,445,0.55
181,1422,788,0.55
2836,1359,753,0.55
865,4373,2423,0.55
589,2442,1353,0.55
1270,3478,1927,0.55
2616,1036,574,0.55
2508,2202,1220,0.55
2289,1944,1077,0.55
183,2491,1380,0.55
1056,3195,1770,0.55
603,1482,821,0.55
2897,2206,1222,0.55
594,1789,991,0.55
2259,1085,601,0.55
2570,1002,555,0.55
1129,1782,987,0.55
111,789,437,0.55
1153,984,545,0.55
519,2156,1194,0.55
1837,1757,973,0.55
1814,930,515,0.55
1729,3572,1978,0.55
2251,1656,917,0.55
2534,1777,984,0.55
1904,735,407,0.55
182,1591,881,0.55
418,2122,1175,0.55
689,3742,2072,0.55
1002,1974,1093,0.55
620,1351,748,0.55
1626,2693,1491,0.55
1416,616,341,0.55
22,3062,1695,0.55
551,2952,1634,0.55
2846,2065,1143,0.55
2541,1664,921,0.55
1752,907,502,0.55
1165,1590,880,0.55
2376,1852,1025,0.55
2490,2201,1218,0.55
2902,3054,1690,0.55
1303,2727,1509,0.55
346,4180,2313,0.55
2235,1782,986,0.55
755,835,462,0.55
567,1511,836,0.55
1187,3400,1881,0.55
1261,2630,1455,0.55
877,1475,816,0.55
1557,996,551,0.55
78,1269,702,0.55
1344,3366,1862,0.55
953,837,463,0.55
15,2728,1509,0.55
1358,2898,1603,0.55
200,3558,1968,0.55
2007,866,479,0.55
1015,4661,2578,0.55
728,226,125,0.55
2383,1573,870,0.55
2150,358,198,0.55
2552,1112,615,0.55
2221,1971,1090,0.55
2255,1349,746,0.55
37,2964,1639,0.55
1032,3731,2063,0.55
12,3391,1875,0.55
1180,2393,1323,0.55
146,1467,811,0.55
2210,3947,2182,0.55
2372,1174,649,0.55
1655,1914,1058,0.55
1351,2748,1519,0.55
2271,1109,613,0.55
248,3555,1965,0.55
674,2153,1190,0.55
1858,1073,593,0.55
1793,2298,1270,0.55
63,3648,2016,0.55
929,1824,1008,0.55
2801,2052,1134,0.55
521,1341,741,0.55
473,5835,3224,0.55
79,1153,637,0.55
2848,2212,1222,0.55
1309,1642,907,0.55
2143,2301,1271,0.55
156,1566,865,0.55
2612,2397,1324,0.55
772,1921,1061,0.55
1447,1396,771,0.55
1448,1695,936,0.55
1282,1648,910,0.55
2880,2472,1365,0.55
1016,2664,1471,0.55
1322,1476,815,0.55
2074,1505,831,0.55
393,1353,747,0.55
2525,4012,2215,0.55
2708,884,488,0.55
2637,3556,1963,0.55
553,2201,1215,0.55
685,1567,865,0.55
2913,2241,1237,0.55
1603,5401,2981,0.55
2879,1984,1095,0.55
1634,1272,702,0.55
436,984,543,0.55
2690,1602,884,0.55
749,618,341,0.55
1839,2733,1508,0.55
1443,792,437,0.55
2166,1700,938,0.55
2889,1528,843,0.55
1246,2931,1617,0.55
915,629,347,0.55
874,1055,582,0.55
1519,1994,1100,0.55
1592,2333,1287,0.55
1271,1735,957,0.55
2367,1929,1064,0.55
1072,1358,749,0.55
1561,1164,642,0.55
1910,631,348,0.55
265,2419,1334,0.55
1188,1837,1013,0.55
211,2158,1190,0.55
1429,1779,981,0.55
440,3687,2033,0.55
842,1237,682,0.55
2308,1765,973,0.55
422,1016,560,0.55
250,1134,625,0.55
2154,1330,733,0.55
288,3406,1877,0.55
1061,3504,1931,0.55
1630,4127,2274,0.55
1079,2285,1259,0.55
614,1746,962,0.55
585,3941,2171,0.55
2005,973,536,0.55
353,1957,1078,0.55
2129,2144,1181,0.55
863,4860,2677,0.55
2831,1870,1030,0.55
1116,2137,1177,0.55
933,1164,641,0.55
548,1618,891,0.55
1289,3238,1783,0.55
1350,2083,1147,0.55
255,1473,811,0.55
911,1813,998,0.55
1931,783,431,0.55
2095,2102,1157,0.55
2309,1975,1087,0.55
2574,2273,1251,0.55
860,2900,1596,0.55
2432,2175,1197,0.55
1104,2355,1296,0.55
676,2077,1143,0.55
2382,1610,886,0.55
1329,2199,1210,0.55
1280,2010,1106,0.55
1413,2319,1276,0.55
1485,1494,822,0.55
127,4026,2215,0.55
563,1865,1026,0.55
526,2525,1389,0.55
853,609,335,0.55
1728,1218,670,0.55
1089,1858,1022,0.55
2865,969,533,0.55
2982,3087,1698,0.55
2604,3098,1704,0.55
816,5578,3068,0.55
583,3886,2137,0.55
1633,1262,694,0.55
105,2295,1262,0.55
1645,1624,893,0.55
2632,1655,910,0.55
137,3190,1754,0.55
1602,1535,844,0.55
1595,2605,1432,0.55
1966,322,177,0.55
1176,1532,842,0.55
451,1008,554,0.55
344,1492,820,0.55
1563,2440,1341,0.55
729,2309,1269,0.55
2647,2089,1148,0.55
531,1394,766,0.55
1759,1576,866,0.55
1760,2497,1372,0.55
976,1163,639,0.55
76,759,417,0.55
1631,1620,890,0.55
2442,2015,1107,0.55
672,1691,929,0.55
33,4145,2277,0.55
1433,1582,869,0.55
383,3286,1805,0.55
2819,812,446,0.55
2214,1493,820,0.55
612,1575,865,0.55
1044,1495,821,0.55
896,1823,1001,0.55
1659,3025,1661,0.55
2870,754,414,0.55
1604,907,498,0.55
593,4430,2432,0.55
1880,2399,1317,0.55
1498,4545,2495,0.55
1664,3037,1667,0.55
1157,5342,2932,0.55
2853,1259,691,0.55
1266,2170,1191,0.55
2323,1629,894,0.55
1040,5560,3051,0.55
294,2721,1493,0.55
1846,1254,688,0.55
2681,3354,1840,0.55
2991,1677,920,0.55
1610,1245,683,0.55
641,2202,1208,0.55
673,1318,723,0.55
254,3985,2186,0.55
53,2111,1158,0.55
1475,6295,3453,0.55
538,2113,1159,0.55
693,4917,2697,0.55
2204,1464,803,0.55
1695,629,345,0.55
834,990,543,0.55
2096,1929,1058,0.55
128,3658,2006,0.55
2669,1561,856,0.55
244,1820,998,0.55
2120,1789,981,0.55
2827,2628,1441,0.55
1524,2535,1390,0.55
1670,3318,1819,0.55
1010,2388,1309,0.55
2114,4437,2432,0.55
547,1903,1043,0.55
367,1841,1009,0.55
428,1321,724,0.55
403,1810,992,0.55
378,4162,2281,0.55
1139,2383,1306,0.55
2859,1469,805,0.55
1161,615,337,0.55
2281,1991,1091,0.55
1410,1721,943,0.55
297,1869,1024,0.55
1838,1893,1037,0.55
779,5104,2796,0.55
1828,2784,1525,0.55
2037,4672,2559,0.55
2961,1530,838,0.55
1023,3617,1981,0.55
2085,1291,707,0.55
435,2708,1483,0.55
1941,1386,759,0.55
46,1808,990,0.55
2571,2166,1186,0.55
2408,2040,1117,0.55
1818,1600,876,0.55
1083,1611,882,0.55
938,1138,623,0.55
750,1982,1085,0.55
2433,2499,1368,0.55
2250,1856,1016,0.55
88,2682,1468,0.55
1158,3963,2169,0.55
1095,793,434,0.55
2527,2507,1372,0.55
2164,2107,1153,0.55
769,932,510,0.55
1275,1091,597,0.55
607,1716,939,0.55
2111,3277,1793,0.55
1836,3831,2096,0.55
1123,1954,1069,0.55
574,4281,2342,0.55
1672,1329,727,0.55
459,2810,1537,0.55
690,2726,1491,0.55
1566,1172,641,0.55
557,3825,2092,0.55
1291,1386,758,0.55
2945,2253,1232,0.55
177,3449,1886,0.55
1580,2595,1419,0.55
298,684,374,0.55
2720,1668,912,0.55
2384,2546,1392,0.55
670,1712,936,0.55
480,1787,977,0.55
326,2162,1182,0.55
1231,1553,849,0.55
1735,3163,1729,0.55
2178,2027,1108,0.55
2871,633,346,0.55
2127,1996,1091,0.55
960,2889,1579,0.55
1253,1484,811,0.55
1065,613,335,0.55
1367,2196,1200,0.55
2798,1508,824,0.55
632,2467,1348,0.55
1256,1426,779,0.55
1472,2528,1381,0.55
1423,1329,726,0.55
2621,2054,1122,0.55
323,3557,1943,0.55
1751,4489,2452,0.55
844,1364,745,0.55
2268,2166,1183,0.55
2526,2677,1462,0.55
43,4466,2439,0.55
536,4532,2475,0.55
944,3047,1664,0.55
1126,2344,1280,0.55
2680,2432,1328,0.55
1223,934,510,0.55
2027,1575,860,0.55
2633,1804,985,0.55
2613,2033,1110,0.55
885,2145,1171,0.55
2453,991,541,0.55
2076,2213,1208,0.55
2011,3032,1655,0.55
1616,1178,643,0.55
934,2204,1203,0.55
910,786,429,0.55
196,4282,2337,0.55
1338,2294,1252,0.55
2160,2426,1324,0.55
411,1587,866,0.55
2881,1917,1046,0.55
1619,3605,1967,0.55
1460,2674,1459,0.55
406,4309,2351,0.55
1155,790,431,0.55
1456,2306,1258,0.55
463,6647,3626,0.55
1476,1714,935,0.55
2921,1857,1013,0.55
2447,1868,1019,0.55
1113,1254,684,0.55
1962,33,18,0.55
1331,1157,631,0.55
2500,2503,1365,0.55
1538,1148,626,0.55
1452,2463,1343,0.55
93,3228,1760,0.55
1745,2627,1432,0.55
215,2198,1198,0.55
1058,3842,2094,0.55
954,1835,1000,0.54
523,2136,1164,0.54
7,6542,3565,0.54
1426,1391,758,0.54
1570,769,419,0.54
1085,2344,1277,0.54
2015,793,432,0.54
1182,525,286,0.54
508,1430,779,0.54
2761,2225,1212,0.54
2397,246,134,0.54
736,3556,1937,0.54
339,1342,731,0.54
759,6141,3345,0.54
528,2036,1109,0.54
1368,896,488,0.54
268,2670,1454,0.54
1535,1324,721,0.54
2864,584,318,0.54
30,4259,2319,0.54
1575,2518,1371,0.54
1834,2237,1218,0.54
2922,2711,1476,0.54
1762,1745,950,0.54
714,1543,840,0.54
100,2504,1363,0.54
427,2335,1271,0.54
141,2166,1179,0.54
1598,632,344,0.54
2964,1560,849,0.54
2575,1821,991,0.54
2504,1823,992,0.54
116,2152,1171,0.54
618,3582,1949,0.54
2169,1066,580,0.54
342,2858,1555,0.54
1258,987,537,0.54
741,3026,1646,0.54
384,410,223,0.54
646,2670,1452,0.54
1567,3470,1887,0.54
797,1907,1037,0.54
1099,2137,1162,0.54
1136,1453,790,0.54
1007,3537,1923,0.54
2215,2314,1258,0.54
469,2899,1576,0.54
2856,1685,916,0.54
1783,3459,1880,0.54
1537,966,525,0.54
405,2105,1144,0.54
1084,2591,1408,0.54
2057,1546,840,0.54
1636,2262,1229,0.54
2772,681,370,0.54
1273,3221,1750,0.54
875,2159,1173,0.54
1801,2021,1098,0.54
770,5336,2899,0.54
252,543,295,0.54
2518,3017,1639,0.54
1297,2231,1212,0.54
512,2163,1175,0.54
226,1970,1070,0.54
1582,1611,875,0.54
1663,1611,875,0.54
2753,2539,1379,0.54
77,2088,1134,0.54
409,6371,3460,0.54
2296,1300,706,0.54
1753,871,473,0.54
708,6254,3396,0.54
194,3871,2102,0.54
2048,1919,1042,0.54
401,1838,998,0.54
1117,919,499,0.54
2750,1466,796,0.54
1590,1083,588,0.54
1379,1387,753,0.54
1624,1004,545,0.54
789,1332,723,0.54
1683,3753,2037,0.54
2709,3040,1650,0.54
1054,2725,1479,0.54
1029,1931,1048,0.54
363,1093,593,0.54
704,2422,1314,0.54
2216,2352,1276,0.54
2145,1331,722,0.54
2053,1381,749,0.54
912,1582,858,0.54
1105,4750,2576,0.54
887,1894,1027,0.54
747,5769,3128,0.54
826,3318,1799,0.54
1257,2584,1401,0.54
1268,8584,4654,0.54
257,498,270,0.54
1005,1020,553,0.54
2377,2313,1254,0.54
1446,3195,1732,0.54
1508,2817,1527,0.54
489,856,464,0.54
2069,3258,1766,0.54
1392,4031,2185,0.54
320,1118,606,0.54
1977,1904,1032,0.54
98,2166,1174,0.54
1428,4052,2196,0.54
1796,1862,1009,0.54
337,729,395,0.54
2863,777,421,0.54
1036,1471,797,0.54
397,2490,1349,0.54
1288,3400,1842,0.54
1473,587,318,0.54
1346,1294,701,0.54
2824,2629,1424,0.54
1194,1946,1054,0.54
1201,5325,2884,0.54
1646,1647,892,0.54
1969,962,521,0.54
389,3200,1733,0.54
1469,3073,1664,0.54
993,1629,882,0.54
1232,495,268,0.54
1284,1836,994,0.54
407,1631,883,0.54
1782,4022,2177,0.54
96,412,223,0.54
199,3939,2132,0.54
1434,1262,683,0.54
1220,4237,2293,0.54
478,2927,1584,0.54
1482,2382,1289,0.54
652,1935,1047,0.54
2981,1828,989,0.54
2002,2146,1161,0.54
2520,1573,851,0.54
2075,2159,1168,0.54
515,2684,1452,0.54
664,244,132,0.54
527,1684,911,0.54
1454,2429,1314,0.54
2588,1880,1017,0.54
2614,1344,727,0.54
2970,2102,1137,0.54
2972,2139,1157,0.54
1462,1346,728,0.54
790,5103,2760,0.54
774,2755,1490,0.54
1543,1544,835,0.54
381,2267,1226,0.54
2445,1091,590,0.54
1122,1594,862,0.54
1300,4429,2395,0.54
687,3695,1998,0.54
1911,209,113,0.54
2553,1156,625,0.54
2,3481,1882,0.54
1809,973,526,0.54
2983,1343,726,0.54
2582,3047,1647,0.54
1082,1789,967,0.54
1568,2629,1421,0.54
968,864,467,0.54
2620,2407,1301,0.54
2946,1482,801,0.54
1516,1791,968,0.54
72,1717,928,0.54
1198,1680,908,0.54
1008,1878,1015,0.54
2568,853,461,0.54
698,3266,1765,0.54
2646,2661,1438,0.54
206,2946,1592,0.54
888,992,536,0.54
1539,1777,960,0.54
1940,5250,2836,0.54
2441,983,531,0.54
669,2116,1143,0.54
825,2081,1124,0.54
1373,4388,2370,0.54
897,2146,1159,0.54
2935,2372,1281,0.54
1388,1902,1027,0.54
2101,1541,832,0.54
391,928,501,0.54
737,878,474,0.54
924,2032,1097,0.54
692,1267,684,0.54
631,2501,1350,0.54
425,1182,638,0.54
1611,2151,1161,0.54
1405,1158,625,0.54
1438,4256,2297,0.54
1406,3211,1733,0.54
1531,1940,1047,0.54
2904,630,340,0.54
795,4449,2401,0.54
2909,2231,1204,0.54
663,2774,1497,0.54
1711,1060,572,0.54
1199,1136,613,0.54
1244,4965,2679,0.54
1311,2009,1084,0.54
805,1303,703,0.54
565,1976,1066,0.54
1143,3040,1640,0.54
1950,3565,1923,0.54
231,1474,795,0.54
1422,4602,2482,0.54
1298,2963,1598,0.54
1451,1031,556,0.54
2190,2546,1373,0.54
1487,1643,886,0.54
1112,2155,1162,0.54
475,1773,956,0.54
371,1684,908,0.54
635,2324,1253,0.54
1515,2133,1150,0.54
1274,4522,2438,0.54
2990,3233,1743,0.54
1128,2391,1289,0.54
541,2061,1111,0.54
124,2323,1252,0.54
2270,2069,1115,0.54
1214,1735,935,0.54
764,1609,867,0.54
1632,3914,2109,0.54
2320,1405,757,0.54
2239,1535,827,0.54
176,4117,2218,0.54
2510,2376,1280,0.54
946,1654,891,0.54
1177,685,369,0.54
1569,2341,1261,0.54
1573,3557,1916,0.54
804,3596,1937,0.54
813,1010,544,0.54
1775,3424,1844,0.54
1617,1220,657,0.54
2529,2182,1175,0.54
421,611,329,0.54
884,1274,686,0.54
2230,923,497,0.54
1887,1939,1044,0.54
1812,1081,582,0.54
94,2110,1136,0.54
2044,1733,933,0.54
645,1291,695,0.54
2035,3782,2036,0.54
925,1239,667,0.54
269,1774,955,0.54
82,2298,1237,0.54
696,1319,710,0.54
212,3840,2067,0.54
837,4197,2259,0.54
2817,2746,1478,0.54
173,2997,1613,0.54
387,4283,2305,0.54
630,2609,1404,0.54
1057,1667,897,0.54
965,2797,1505,0.54
1588,764,411,0.54
160,1359,731,0.54
1506,2666,1434,0.54
208,3155,1697,0.54
1019,2549,1371,0.54
85,1748,940,0.54
1200,1780,957,0.54
2653,1674,900,0.54
1243,2368,1273,0.54
1553,2009,1080,0.54
1541,1717,923,0.54
939,1518,816,0.54
2606,999,537,0.54
1206,1373,738,0.54
1876,2642,1420,0.54
1478,2283,1227,0.54
806,1617,869,0.54
132,1766,949,0.54
948,5246,2819,0.54
2192,1982,1065,0.54
935,2734,1469,0.54
892,4119,2213,0.54
1513,4417,2373,0.54
1127,2014,1082,0.54
2809,2874,1544,0.54
379,2928,1573,0.54
872,2606,1400,0.54
640,1627,874,0.54
408,4330,2326,0.54
658,955,513,0.54
380,1711,919,0.54
1629,1577,847,0.54
1892,2201,1182,0.54
501,1905,1023,0.54
364,3801,2041,0.54
577,3669,1970,0.54
2283,2127,1142,0.54
2532,1125,604,0.54
2226,1112,597,0.54
2822,2604,1398,0.54
624,1723,925,0.54
636,2927,1571,0.54
505,3840,2061,0.54
240,3039,1631,0.54
2643,1431,768,0.54
906,1513,812,0.54
540,205,110,0.54
991,3981,2136,0.54
2890,3092,1659,0.54
1228,1439,772,0.54
905,1784,957,0.54
434,1318,707,0.54
1471,371,199,0.54
467,1622,870,0.54
1193,3371,1808,0.54
1230,2573,1380,0.54
1581,2741,1470,0.54
1534,3420,1834,0.54
1914,1729,927,0.54
1027,3214,1723,0.54
2163,1940,1040,0.54
495,2759,1479,0.54
1902,4494,2409,0.54
591,1985,1064,0.54
1903,2327,1247,0.54
967,2734,1465,0.54
1574,1803,966,0.54
2829,4326,2317,0.54
2857,2683,1437,0.54
2707,590,316,0.54
507,1096,587,0.54
1480,2331,1248,0.54
83,1866,999,0.54
957,2475,1325,0.54
1202,396,212,0.54
706,2787,1492,0.54
678,3452,1848,0.54
343,1487,796,0.54
1144,3458,1851,0.54
1449,964,516,0.54
225,1476,790,0.54
340,2287,1224,0.54
1003,1736,929,0.54
757,3943,2110,0.54
2203,1325,709,0.54
1401,2196,1175,0.54
1855,1944,1040,0.53
2584,759,406,0.53
918,1763,943,0.53
999,1090,583,0.53
893,3310,1770,0.53
2725,1182,632,0.53
1703,2149,1149,0.53
1229,952,509,0.53
794,1850,989,0.53
1130,1605,858,0.53
854,1244,665,0.53
811,4819,2576,0.53
543,5310,2838,0.53
599,1568,838,0.53
369,3608,1928,0.53
1504,2970,1587,0.53
1307,1413,755,0.53
1119,408,218,0.53
2352,1428,763,0.53
701,614,328,0.53
2975,1683,899,0.53
649,3162,1689,0.53
310,3780,2019,0.53
1790,1348,720,0.53
2321,2706,1445,0.53
510,7236,3864,0.53
1937,1369,731,0.53
988,869,464,0.53
2752,2607,1392,0.53
1181,1532,818,0.53
2806,3392,1811,0.53
791,3688,1969,0.53
2971,3128,1670,0.53
1397,1448,773,0.53
1107,4054,2164,0.53
718,4422,2360,0.53
2415,1306,697,0.53
468,1426,761,0.53
1572,3075,1641,0.53
1378,1874,1000,0.53
99,5244,2798,0.53
1677,1655,883,0.53
2434,1477,788,0.53
691,1642,876,0.53
277,1016,542,0.53
356,4186,2233,0.53
1149,718,383,0.53
1463,943,503,0.53
1620,2426,1294,0.53
1171,2248,1199,0.53
533,1292,689,0.53
990,1054,562,0.53
1795,377,201,0.53
1545,1932,1030,0.53
2355,1722,918,0.53
919,3553,1894,0.53
1956,2011,1072,0.53
675,227,121,0.53
765,2439,1300,0.53
2245,713,380,0.53
1844,2368,1262,0.53
898,2053,1094,0.53
227,3917,2087,0.53
2106,1128,601,0.53
120,4368,2327,0.53
1525,1605,855,0.53
952,2848,1517,0.53
2663,1564,833,0.53
2661,1596,850,0.53
2242,1675,892,0.53
490,1876,999,0.53
1326,3925,2090,0.53
742,3525,1877,0.53
39,2605,1387,0.53
1148,1747,930,0.53
2458,2275,1211,0.53
2485,759,404,0.53
778,2125,1131,0.53
587,2653,1412,0.53
2910,1661,884,0.53
710,1400,745,0.53
1071,4627,2462,0.53
1302,1998,1063,0.53
713,4102,2182,0.53
644,1613,858,0.53
2196,1316,700,0.53
1821,2102,1118,0.53
1335,3232,1719,0.53
1548,1918,1020,0.53
780,2364,1257,0.53
1497,3075,1635,0.53
684,1578,839,0.53
1042,903,480,0.53
579,2282,1213,0.53
803,1490,792,0.53
1613,1490,792,0.53
793,2824,1501,0.53
27,1637,870,0.53
484,1018,541,0.53
2272,1248,663,0.53
771,1361,723,0.53
1073,657,349,0.53
694,3686,1958,0.53
500,2295,1219,0.53
891,2231,1185,0.53
1339,2361,1254,0.53
942,1832,973,0.53
2739,2207,1172,0.53
1606,3448,1831,0.53
1600,4360,2315,0.53
1857,1586,842,0.53
150,1686,895,0.53
720,1428,758,0.53
1723,974,517,0.53
1192,1916,1017,0.53
2234,748,397,0.53
1555,2461,1306,0.53
415,3488,1851,0.53
1505,1747,927,0.53
153,2058,1092,0.53
1564,1210,642,0.53
2403,671,356,0.53
1226,575,305,0.53
292,1874,994,0.53
1419,2800,1485,0.53
1174,2719,1442,0.53
114,3513,1863,0.53
1669,4094,2171,0.53
627,1175,623,0.53
390,1854,983,0.53
1565,3414,1810,0.53
628,615,326,0.53
605,1862,987,0.53
1164,1330,705,0.53
642,4666,2473,0.53
2539,1317,698,0.53
1930,2776,1471,0.53
1210,1508,799,0.53
2769,1393,738,0.53
550,3109,1647,0.53
464,1076,570,0.53
2810,1624,860,0.53
1394,2493,1320,0.53
359,1955,1035,0.53
1894,2295,1215,0.53
166,937,496,0.53
2191,2318,1227,0.53
1026,6087,3222,0.53
59,3142,1663,0.53
1530,2942,1557,0.53
1196,1164,616,0.53
1212,1954,1034,0.53
1086,5216,2760,0.53
1225,1444,764,0.53
1746,2321,1228,0.53
840,3697,1956,0.53
2667,1465,775,0.53
1550,1106,585,0.53
1370,934,494,0.53
207,2182,1154,0.53
857,2615,1383,0.53
1114,1354,716,0.53
964,3792,2005,0.53
2284,1167,617,0.53
1484,6214,3285,0.53
807,1171,619,0.53
697,4100,2167,0.53
1352,1722,910,0.53
961,3176,1678,0.53
2344,2728,1441,0.53
908,886,468,0.53
2427,2732,1443,0.53
651,284,150,0.53
1551,941,497,0.53
1091,3043,1607,0.53
524,3886,2052,0.53
1301,3138,1657,0.53
1347,4588,2422,0.53
1240,2067,1091,0.53
2513,2287,1207,0.53
1500,1463,772,0.53
1364,1084,572,0.53
1679,362,191,0.53
1290,3027,1597,0.53
1341,1704,899,0.53
1227,4045,2134,0.53
1897,1725,910,0.53
1142,4406,2324,0.53
2701,3132,1652,0.53
1556,2078,1096,0.53
392,2482,1309,0.53
1234,1096,578,0.53
1514,950,501,0.53
1269,5721,3017,0.53
699,2765,1458,0.53
1318,3590,1893,0.53
253,2917,1538,0.53
743,3431,1809,0.53
2244,844,445,0.53
1474,2037,1074,0.53
1327,2557,1348,0.53
848,2710,1428,0.53
1466,1435,756,0.53
175,1122,591,0.53
398,2451,1291,0.53
1643,3125,1646,0.53
1738,1591,838,0.53
1313,2396,1262,0.53
462,3767,1984,0.53
721,1599,842,0.53
1496,2900,1527,0.53
979,4500,2369,0.53
2110,1744,918,0.53
2188,1385,729,0.53
712,3171,1669,0.53
2029,4325,2276,0.53
1353,1925,1013,0.53
796,840,442,0.53
224,1013,533,0.53
1699,2583,1359,0.53
1175,1399,736,0.53
460,4064,2138,0.53
818,1232,648,0.53
582,2413,1269,0.53
1096,2265,1191,0.53
2586,1723,906,0.53
1675,1065,560,0.53
335,3079,1619,0.53
1125,2695,1417,0.53
889,2066,1086,0.53
1523,2776,1459,0.53
808,4184,2199,0.53
2828,2752,1446,0.53
517,2652,1393,0.53
2808,2896,1521,0.53
700,2386,1253,0.53
1345,1234,648,0.53
1906,299,157,0.53
167,1615,848,0.53
102,1482,778,0.52
598,2694,1414,0.52
1219,1911,1003,0.52
758,1711,898,0.52
1888,3596,1887,0.52
580,324,170,0.52
2132,1855,973,0.52
1522,2069,1085,0.52
1697,1211,635,0.52
2340,1909,1001,0.52
855,3494,1832,0.52
1197,5254,2754,0.52
1780,2753,1443,0.52
998,2242,1175,0.52
1965,727,381,0.52
3,1827,957,0.52
1248,1873,981,0.52
1093,972,509,0.52
87,1230,644,0.52
1162,1764,923,0.52
1132,4929,2579,0.52
633,3102,1623,0.52
666,2504,1310,0.52
2624,1793,938,0.52
606,3879,2029,0.52
1623,1323,692,0.52
725,608,318,0.52
777,5071,2651,0.52
1391,2351,1229,0.52
2830,3121,1631,0.52
907,7888,4122,0.52
185,2580,1348,0.52
1205,3851,2012,0.52
1529,1174,613,0.52
1330,1040,543,0.52
545,498,260,0.52
2821,2196,1146,0.52
1477,1468,766,0.52
2605,1470,767,0.52
358,2490,1299,0.52
983,3788,1976,0.52
1236,3174,1655,0.52
2229,771,402,0.52
1264,1124,586,0.52
1088,1961,1022,0.52
1540,1079,562,0.52
588,728,379,0.52
2343,1579,822,0.52
2648,1921,1000,0.52
1843,1898,988,0.52
1427,1003,522,0.52
1185,294,153,0.52
1927,2916,1517,0.52
1512,871,453,0.52
1589,2940,1528,0.52
1489,2434,1265,0.52
773,3554,1846,0.52
1532,4534,2354,0.52
2515,1977,1026,0.52
671,5063,2627,0.52
1047,2506,1300,0.52
2346,3478,1804,0.52
903,430,223,0.52
785,5600,2904,0.52
798,1464,759,0.52
97,4077,2113,0.52
1222,714,370,0.52
616,1320,684,0.52
1372,1654,857,0.52
1494,1500,777,0.52
1674,2004,1038,0.52
235,2288,1185,0.52
1245,2410,1248,0.52
1103,1414,732,0.52
1160,3406,1763,0.52
1571,1517,785,0.52
2411,1908,987,0.52
2063,1452,751,0.52
1101,2765,1430,0.52
2165,1723,891,0.52
1195,1669,863,0.52
1041,1613,834,0.52
827,1772,916,0.52
782,2403,1242,0.52
2358,1502,776,0.52
1209,2406,1242,0.52
1725,748,386,0.52
731,1774,915,0.52
1492,3880,2000,0.52
871,3591,1851,0.52
1503,3188,1643,0.52
1292,4576,2358,0.52
1716,2110,1087,0.52
1159,1963,1011,0.52
1383,2319,1194,0.51
1039,2044,1052,0.51
1562,3761,1935,0.51
1316,2925,1504,0.51
511,2597,1335,0.51
969,2606,1339,0.51
2122,1022,525,0.51
1586,3532,1813,0.51
2133,762,391,0.51
303,4231,2171,0.51
2555,1187,609,0.51
1657,2537,1301,0.51
1109,2167,1111,0.51
1018,2177,1116,0.51
1380,5641,2891,0.51
488,2404,1232,0.51
437,2467,1264,0.51
1409,2694,1380,0.51
572,2247,1151,0.51
695,2150,1099,0.51
2186,1693,865,0.51
1528,2946,1504,0.51
1627,3777,1927,0.51
2665,1329,677,0.51
1376,1021,520,0.51
2105,680,346,0.51
1074,652,331,0.51
442,1054,535,0.51
1549,962,488,0.51
1815,2098,1064,0.51
1110,1868,947,0.51
34,1248,632,0.51
962,1714,867,0.51
382,3351,1695,0.51
2766,2179,1102,0.51
866,627,317,0.51
445,1278,646,0.51
2840,289,146,0.51
849,4335,2188,0.5
1296,1664,839,0.5
982,1036,522,0.5
1597,581,292,0.5
1458,861,432,0.5
634,1244,624,0.5
228,1049,525,0.5
2414,2262,1132,0.5
1152,350,175,0.5
824,2016,1007,0.5
1721,1793,891,0.5
1694,1095,543,0.5
1608,850,421,0.5
1692,526,260,0.49
2319,1160,573,0.49
1267,1847,907,0.49
1559,1546,759,0.49
1724,100,49,0.49
1080,400,195,0.49
821,191,93,0.49
932,377,183,0.49
1660,673,319,0.47
1951,56,23,0.41